{
	"pattrstorage" : 	{
		"name" : "mypresets2",
		"slots" : 		{
			"1" : 			{
				"id" : 1,
				"data" : 				{
					"notepitch" : [ 70 ],
					"trackpad2" : [ 1 ],
					"wavr::bend" : [ 12.0 ],
					"wavr::dutycycle" : [ 0.005554 ],
					"wavr::portamento" : [ 10.0 ],
					"wavr::polyphony" : [ 8 ],
					"wavr::pan" : [ 0.0 ],
					"wavr::release" : [ 100.0 ],
					"wavr::vibdepth" : [ 0.0 ],
					"wavr::vibrate" : [ 6.0 ],
					"wavr::vibwave" : [ 0.0 ],
					"wavr::sustain" : [ 1.0 ],
					"wavr::decay" : [ 500.0 ],
					"wavr::attack" : [ 1000.0 ],
					"wavr::oscwave" : [ 1.0 ],
					"rezfiltr::frequency" : [ 431.862427 ],
					"rezfiltr::mode" : [ 1.0 ],
					"rezfiltr::resonance" : [ 0.69 ],
					"equalizr::freqbands" : [ -11.1, -11.1, -8.4, -6.6, -3.9, -3.0, -2.1, -1.2, -1.2, 0.0, 0.0, 0.0, 0.0, 0.0, 0.0, 0.0, 0.0, 0.0, 0.0, 0.0, 0.0, 0.0, 0.0, 0.0, 0.0, 0.0, 0.0, 0.0, 0.0, 0.0, 0.0, 0.0, 0.0, 0.0, 0.0, 0.0, 0.0, 0.0, 0.0, 0.0, 0.0, 0.0, 0.0, 0.0, 0.0, 0.0, 0.0, 0.0, 0.0, 0.0, 0.0, 0.0, 0.0, 0.0, 1.5, 1.5, 1.5, 1.5, 1.5, 1.5, 1.5, 3.3, 4.2, 6.0 ],
					"rezfiltr[1]::frequency" : [ 1221.491699 ],
					"rezfiltr[1]::mode" : [ 0.0 ],
					"rezfiltr[1]::resonance" : [ 0.0 ],
					"1delayr::deltime" : [ 1.0 ],
					"1delayr::feedback" : [ 0.625984 ],
					"1delayr::wetdry" : [ 0.5 ],
					"drivr::drive" : [ 0.0 ],
					"drivr::color" : [ 0.5 ],
					"drivr::wetdry" : [ 0.5 ]
				}

			}
,
			"2" : 			{
				"id" : 2,
				"data" : 				{
					"notepitch" : [ 55 ],
					"trackpad2" : [ 0 ],
					"wavr::bend" : [ 0.0 ],
					"wavr::dutycycle" : [ 0.0 ],
					"wavr::portamento" : [ 10.0 ],
					"wavr::polyphony" : [  ],
					"wavr::pan" : [ 0.0 ],
					"wavr::release" : [ 348.316711 ],
					"wavr::vibdepth" : [ 0.006696 ],
					"wavr::vibrate" : [ 6.0 ],
					"wavr::vibwave" : [ 0.0 ],
					"wavr::sustain" : [ 0.3 ],
					"wavr::decay" : [ 20.0 ],
					"wavr::attack" : [ 10.0 ],
					"wavr::oscwave" : [ 3.0 ],
					"rezfiltr::frequency" : [ 685.934875 ],
					"rezfiltr::mode" : [ 0.0 ],
					"rezfiltr::resonance" : [ 0.370079 ],
					"equalizr::freqbands" : [ -21.9, -23.700001, -21.0, -21.0, -20.1, -19.200001, -18.299999, -18.299999, -17.4, -17.4, -16.5, -15.6, -15.6, -15.6, -15.6, -14.7, -13.8, -12.9, -12.0, -11.1, -11.1, -10.2, -9.3, -9.3, -9.3, -9.3, -9.3, -9.3, -9.3, -9.3, -8.4, -8.4, -7.5, -6.6, -5.7, -5.7, -6.6, -5.7, -4.8, -3.9, -2.1, -2.1, -1.2, -0.3, 0.6, 1.5, 3.3, 2.4, 2.4, 2.4, 2.4, 2.4, 2.4, 2.4, 2.4, 2.4, 2.4, 2.4, 2.4, 0.6, 0.6, 0.6, 0.6, 0.6 ],
					"rezfiltr[1]::frequency" : [ 640.0 ],
					"rezfiltr[1]::mode" : [ 0.0 ],
					"rezfiltr[1]::resonance" : [ 0.0 ],
					"1delayr::deltime" : [  ],
					"1delayr::feedback" : [  ],
					"1delayr::wetdry" : [  ],
					"drivr::drive" : [  ],
					"drivr::color" : [  ],
					"drivr::wetdry" : [  ]
				}

			}

		}

	}

}
