{
	"pattrstorage" : 	{
		"name" : "patchA-presets",
		"slots" : 		{
			"1" : 			{
				"id" : 1,
				"data" : 				{
					"bpm" : [ 25 ],
					"notedur" : [ 5000 ],
					"auto" : [ 0 ],
					"chorus-freq" : [ 1.0 ],
					"chorus-depth" : [ 1.0 ],
					"eq-curvature" : [ 2.0 ],
					"xable-swoosh" : [ 1 ],
					"lowest-pitch" : [ 60 ],
					"reverber8r::roomsize" : [ 0.8 ],
					"reverber8r::decaytime" : [ 0.7 ],
					"reverber8r::wetdry" : [ 0.5 ],
					"reverber8r::cutoff" : [ 0.75 ],
					"noisr::Q" : [ 0.299661 ],
					"noisr::pan" : [ -50.0 ],
					"noisr::release" : [ 1500.0 ],
					"noisr::sustain" : [ 1.0 ],
					"noisr::decay" : [ 500.0 ],
					"noisr::attack" : [ 1000.0 ],
					"noisr::filter" : [ 1 ],
					"noisr::color" : [ 0 ],
					"sdelayr::feedback" : [ 0.3 ],
					"sdelayr::wetdry" : [ 1.0 ],
					"sdelayr::maxtime" : [ 3.0 ],
					"sdelayr::delaytimes" : [ 0.95, 0.496, 0.274, 0.287, 0.242, 0.175, 0.014, 0.432, 0.674, 0.127, 0.497, 0.073, 0.03, 0.338, 0.165, 0.522, 0.71, 0.523, 0.396, 0.723, 0.884, 0.551, 0.669, 0.372, 0.608, 0.553, 0.378, 0.487, 0.859, 0.067, 0.202, 0.348 ],
					"equalizr::freqbands" : [ 0.0, 0.0, 0.0, 0.0, 0.0, 0.0, 0.0, 0.0, 0.0, 0.0, 0.0, 0.0, 0.0, 0.0, 0.0, 0.0, 0.0, 0.0, 0.0, 0.0, 0.0, 0.0, 0.0, 0.0, 0.0, -0.018185, -0.072742, -0.163669, -0.290966, -0.454635, -0.654675, -0.891085, -1.163866, -1.473018, -1.81854, -2.200434, -2.618698, -3.073333, -3.564339, -4.091716, -4.655464, -5.255582, -5.892071, -6.564931, -7.274162, -8.019763, -8.801736, -9.620079, -10.474792, -11.365878, -12.293333, -13.25716, -14.257357, -15.293925, -16.366863, -17.476173, -18.621855, -19.803905, -21.022327, -22.277121, -23.568283, -24.895819, -26.259724, -27.66 ],
					"mixr-4x1::fader1" : [ -8.0 ],
					"mixr-4x1::fader2" : [ -70.0 ],
					"mixr-4x1::fader3" : [ -6.0 ],
					"mixr-4x1::fader4" : [ -6.0 ],
					"mixr-4x1::master" : [ 0.0 ],
					"wavr::bend" : [ 0.0 ],
					"wavr::dutycycle" : [ 0.102 ],
					"wavr::portamento" : [ 10.0 ],
					"wavr::polyphony" : [ 8 ],
					"wavr::pan" : [ 0.0 ],
					"wavr::release" : [ 100.0 ],
					"wavr::vibdepth" : [ 0.0 ],
					"wavr::vibrate" : [ 6.0 ],
					"wavr::vibwave" : [ 0.0 ],
					"wavr::sustain" : [ 0.3 ],
					"wavr::decay" : [ 20.0 ],
					"wavr::attack" : [ 10.0 ],
					"wavr::oscwave" : [ 0.0 ],
					"wavr[1]::bend" : [ 0.0 ],
					"wavr[1]::dutycycle" : [ 0.102 ],
					"wavr[1]::portamento" : [ 10.0 ],
					"wavr[1]::polyphony" : [ 8 ],
					"wavr[1]::pan" : [ 0.0 ],
					"wavr[1]::release" : [ 100.0 ],
					"wavr[1]::vibdepth" : [ 0.0 ],
					"wavr[1]::vibrate" : [ 6.0 ],
					"wavr[1]::vibwave" : [ 0.0 ],
					"wavr[1]::sustain" : [ 0.3 ],
					"wavr[1]::decay" : [ 20.0 ],
					"wavr[1]::attack" : [ 10.0 ],
					"wavr[1]::oscwave" : [ 0.0 ],
					"az.reverber8r::roomsize" : [ 0.3 ],
					"az.reverber8r::decaytime" : [ 0.5 ],
					"az.reverber8r::wetdry" : [ 0.5 ],
					"az.reverber8r::cutoff" : [ 0.5 ],
					"az.rezfiltr[3]::frequency" : [ 0.600375 ],
					"az.rezfiltr[3]::mode" : [ 0.0 ],
					"az.rezfiltr[3]::resonance" : [ 0.0 ],
					"az.drivr::drive" : [ 1.0 ],
					"az.drivr::color" : [ 0.5 ],
					"az.drivr::wetdry" : [ 0.5 ],
					"az.1delayr::deltime" : [ 250.0 ],
					"az.1delayr::feedback" : [ 0.5 ],
					"az.1delayr::wetdry" : [ 0.5 ]
				}

			}
,
			"2" : 			{
				"id" : 2,
				"data" : 				{
				}

			}
,
			"3" : 			{
				"id" : 3,
				"data" : 				{
				}

			}
,
			"4" : 			{
				"id" : 4,
				"data" : 				{
					"bpm" : [ 25 ],
					"notedur" : [ 5000 ],
					"auto" : [ 0 ],
					"chorus-freq" : [ 1.0 ],
					"chorus-depth" : [ 1.0 ],
					"eq-curvature" : [ 2.0 ],
					"xable-swoosh" : [ 0 ],
					"lowest-pitch" : [ 60 ],
					"reverber8r::roomsize" : [ 0.8 ],
					"reverber8r::decaytime" : [ 0.7 ],
					"reverber8r::wetdry" : [ 0.5 ],
					"reverber8r::cutoff" : [ 0.75 ],
					"noisr::Q" : [ 0.309844 ],
					"noisr::pan" : [ -50.0 ],
					"noisr::release" : [ 1500.0 ],
					"noisr::sustain" : [ 1.0 ],
					"noisr::decay" : [ 500.0 ],
					"noisr::attack" : [ 1000.0 ],
					"noisr::filter" : [ 1 ],
					"noisr::color" : [ 0 ],
					"sdelayr::feedback" : [ 0.3 ],
					"sdelayr::wetdry" : [ 1.0 ],
					"sdelayr::maxtime" : [ 3.0 ],
					"sdelayr::delaytimes" : [ 0.95, 0.496, 0.274, 0.287, 0.242, 0.175, 0.014, 0.432, 0.674, 0.127, 0.497, 0.073, 0.03, 0.338, 0.165, 0.522, 0.71, 0.523, 0.396, 0.723, 0.884, 0.551, 0.669, 0.372, 0.608, 0.553, 0.378, 0.487, 0.859, 0.067, 0.202, 0.348 ],
					"equalizr::freqbands" : [ 0.0, 0.0, 0.0, 0.0, 0.0, 0.0, 0.0, 0.0, 0.0, 0.0, 0.0, 0.0, 0.0, 0.0, 0.0, 0.0, 0.0, 0.0, 0.0, 0.0, 0.0, 0.0, 0.0, 0.0, 0.0, -0.018146, -0.072584, -0.163314, -0.290335, -0.453649, -0.653254, -0.889152, -1.161341, -1.469823, -1.814596, -2.195661, -2.613018, -3.066667, -3.556607, -4.08284, -4.645365, -5.244182, -5.87929, -6.55069, -7.258383, -8.002367, -8.782643, -9.599211, -10.452071, -11.341223, -12.266666, -13.228402, -14.22643, -15.26075, -16.331362, -17.438265, -18.581459, -19.760946, -20.976727, -22.228796, -23.51716, -24.841814, -26.202761, -27.6 ],
					"mixr-4x1::fader1" : [ -70.0 ],
					"mixr-4x1::fader2" : [ 0.0 ],
					"mixr-4x1::fader3" : [ -6.0 ],
					"mixr-4x1::fader4" : [ -6.0 ],
					"mixr-4x1::master" : [ 0.0 ],
					"wavr::bend" : [ 0.0 ],
					"wavr::dutycycle" : [ 0.10575 ],
					"wavr::portamento" : [ 40.0 ],
					"wavr::polyphony" : [ 1 ],
					"wavr::pan" : [ -50.0 ],
					"wavr::release" : [ 150.0 ],
					"wavr::vibdepth" : [ 0.0 ],
					"wavr::vibrate" : [ 6.0 ],
					"wavr::vibwave" : [ 1.0 ],
					"wavr::sustain" : [ 0.2 ],
					"wavr::decay" : [ 20.0 ],
					"wavr::attack" : [ 2.0 ],
					"wavr::oscwave" : [ 1.0 ],
					"wavr[1]::bend" : [ 0.012 ],
					"wavr[1]::dutycycle" : [ 0.10575 ],
					"wavr[1]::portamento" : [ 40.0 ],
					"wavr[1]::polyphony" : [ 1 ],
					"wavr[1]::pan" : [ -50.0 ],
					"wavr[1]::release" : [ 150.0 ],
					"wavr[1]::vibdepth" : [ 0.0 ],
					"wavr[1]::vibrate" : [ 6.0 ],
					"wavr[1]::vibwave" : [ 1.0 ],
					"wavr[1]::sustain" : [ 0.2 ],
					"wavr[1]::decay" : [ 20.0 ],
					"wavr[1]::attack" : [ 2.0 ],
					"wavr[1]::oscwave" : [ 2.0 ],
					"az.reverber8r::roomsize" : [ 0.3 ],
					"az.reverber8r::decaytime" : [ 0.1 ],
					"az.reverber8r::wetdry" : [ 0.1 ],
					"az.reverber8r::cutoff" : [ 1.0 ],
					"az.rezfiltr[3]::frequency" : [ 0.601542 ],
					"az.rezfiltr[3]::mode" : [ 0.0 ],
					"az.rezfiltr[3]::resonance" : [ 0.25 ],
					"az.drivr::drive" : [ 0.464567 ],
					"az.drivr::color" : [ 0.771654 ],
					"az.drivr::wetdry" : [ 0.503937 ],
					"az.1delayr::deltime" : [ 170.0 ],
					"az.1delayr::feedback" : [ 0.1 ],
					"az.1delayr::wetdry" : [ 0.3 ]
				}

			}

		}

	}

}
