{
	"pattrstorage" : 	{
		"name" : "patchAv2Presets",
		"slots" : 		{
			"1" : 			{
				"id" : 1,
				"data" : 				{
					"fundamental" : [ 110.0 ],
					"power" : [ 1.0 ],
					"undulateMultiplier" : [ 79.0 ],
					"trackpadX" : [ 0.022569 ],
					"trackpadY" : [ 79.0 ],
					"number" : [ 0 ],
					"number[1]" : [ 0 ],
					"number[2]" : [ 0 ],
					"toggle[1]" : [ 0 ],
					"toggle[2]" : [ 0 ],
					"rezfiltr::frequency" : [ 2002.742782 ],
					"rezfiltr::mode" : [ 2.0 ],
					"rezfiltr::resonance" : [ 0.797778 ],
					"granulator::function" : [ 22.0, 0.0, 1.0, 0.0, 0.0, 2, 4.212766, 0.062222, 0, 6.319149, 0.235555, 0, 8.542553, 0.502222, 0, 9.127659, 0.742222, 2, 10.882979, 0.915555, 0, 14.276595, 0.906667, 0, 17.670212, 0.835555, 0, 19.659574, 0.595555, 0, 21.765958, 0.342222, 0, 22.0, 0.0, 2, "linear" ],
					"granulator::live.gain~" : [ 0.0 ],
					"granulator::number" : [ 22 ],
					"granulator::number[1]" : [ 1.3 ],
					"granulator::number[2]" : [ 40 ],
					"granulator::number[3]" : [ 0 ],
					"granulator::number[4]" : [ 1.0 ],
					"granulator::number[5]" : [ 5528 ],
					"granulator::number[6]" : [ 5568 ],
					"granulator::toggle" : [ 0 ],
					"granulator::toggle[1]" : [ 1 ],
					"granulator::toggle[2]" : [ 0 ]
				}

			}
,
			"2" : 			{
				"id" : 2,
				"data" : 				{
					"fundamental" : [ 110.0 ],
					"power" : [ 1.0 ],
					"undulateMultiplier" : [ 79.0 ],
					"trackpadX" : [ 0.022569 ],
					"trackpadY" : [ 79.0 ],
					"number" : [ 0 ],
					"number[1]" : [ 0 ],
					"number[2]" : [ 0 ],
					"toggle[1]" : [ 0 ],
					"toggle[2]" : [ 0 ],
					"rezfiltr::frequency" : [ 2002.742782 ],
					"rezfiltr::mode" : [ 2.0 ],
					"rezfiltr::resonance" : [ 0.797778 ],
					"granulator::function" : [ 22.0, 0.0, 1.0, 0.0, 0.0, 2, 4.212766, 0.062222, 0, 6.319149, 0.235555, 0, 8.542553, 0.502222, 0, 9.127659, 0.742222, 2, 10.882979, 0.915555, 0, 14.276595, 0.906667, 0, 17.670212, 0.835555, 0, 19.659574, 0.595555, 0, 21.765958, 0.342222, 0, 22.0, 0.0, 2, "linear" ],
					"granulator::live.gain~" : [ 0.0 ],
					"granulator::number" : [ 22 ],
					"granulator::number[1]" : [ 1.3 ],
					"granulator::number[2]" : [ 40 ],
					"granulator::number[3]" : [ 0 ],
					"granulator::number[4]" : [ 1.0 ],
					"granulator::number[5]" : [ 5528 ],
					"granulator::number[6]" : [ 5568 ],
					"granulator::toggle" : [ 0 ],
					"granulator::toggle[1]" : [ 1 ],
					"granulator::toggle[2]" : [ 0 ]
				}

			}
,
			"3" : 			{
				"id" : 3,
				"data" : 				{
					"fundamental" : [ 110.0 ],
					"power" : [ 1.0 ],
					"undulateMultiplier" : [ 79.0 ],
					"trackpadX" : [ 0.022569 ],
					"trackpadY" : [ 79.0 ],
					"number" : [ 0 ],
					"number[1]" : [ 0 ],
					"number[2]" : [ 0 ],
					"toggle[1]" : [ 0 ],
					"toggle[2]" : [ 0 ],
					"rezfiltr::frequency" : [ 2002.742782 ],
					"rezfiltr::mode" : [ 2.0 ],
					"rezfiltr::resonance" : [ 0.797778 ],
					"granulator::function" : [ 22.0, 0.0, 1.0, 0.0, 0.0, 2, 4.212766, 0.062222, 0, 6.319149, 0.235555, 0, 8.542553, 0.502222, 0, 9.127659, 0.742222, 2, 10.882979, 0.915555, 0, 14.276595, 0.906667, 0, 17.670212, 0.835555, 0, 19.659574, 0.595555, 0, 21.765958, 0.342222, 0, 22.0, 0.0, 2, "linear" ],
					"granulator::live.gain~" : [ 0.0 ],
					"granulator::number" : [ 22 ],
					"granulator::number[1]" : [ 1.3 ],
					"granulator::number[2]" : [ 40 ],
					"granulator::number[3]" : [ 0 ],
					"granulator::number[4]" : [ 1.0 ],
					"granulator::number[5]" : [ 5528 ],
					"granulator::number[6]" : [ 5568 ],
					"granulator::toggle" : [ 0 ],
					"granulator::toggle[1]" : [ 1 ],
					"granulator::toggle[2]" : [ 0 ]
				}

			}
,
			"4" : 			{
				"id" : 4,
				"data" : 				{
					"fundamental" : [ 110.0 ],
					"power" : [ 1.0 ],
					"undulateMultiplier" : [ 79.0 ],
					"trackpadX" : [ 0.022569 ],
					"trackpadY" : [ 79.0 ],
					"number" : [ 0 ],
					"number[1]" : [ 0 ],
					"number[2]" : [ 0 ],
					"toggle[1]" : [ 0 ],
					"toggle[2]" : [ 0 ],
					"rezfiltr::frequency" : [ 2002.742782 ],
					"rezfiltr::mode" : [ 2.0 ],
					"rezfiltr::resonance" : [ 0.797778 ],
					"granulator::function" : [ 22.0, 0.0, 1.0, 0.0, 0.0, 2, 4.212766, 0.062222, 0, 6.319149, 0.235555, 0, 8.542553, 0.502222, 0, 9.127659, 0.742222, 2, 10.882979, 0.915555, 0, 14.276595, 0.906667, 0, 17.670212, 0.835555, 0, 19.659574, 0.595555, 0, 21.765958, 0.342222, 0, 22.0, 0.0, 2, "linear" ],
					"granulator::live.gain~" : [ 0.0 ],
					"granulator::number" : [ 22 ],
					"granulator::number[1]" : [ 1.3 ],
					"granulator::number[2]" : [ 40 ],
					"granulator::number[3]" : [ 0 ],
					"granulator::number[4]" : [ 1.0 ],
					"granulator::number[5]" : [ 5528 ],
					"granulator::number[6]" : [ 5568 ],
					"granulator::toggle" : [ 0 ],
					"granulator::toggle[1]" : [ 1 ],
					"granulator::toggle[2]" : [ 0 ]
				}

			}
,
			"9" : 			{
				"id" : 9,
				"data" : 				{
					"fundamental" : [ 110.0 ],
					"power" : [ 0.8 ],
					"undulateMultiplier" : [ 131.166667 ],
					"trackpadX" : [ 0.059375 ],
					"trackpadY" : [ 131.166667 ],
					"number" : [ 0 ],
					"number[1]" : [ 0 ],
					"number[2]" : [ 0 ],
					"toggle[1]" : [ 0 ],
					"toggle[2]" : [ 0 ],
					"rezfiltr::frequency" : [ 31.595568 ],
					"rezfiltr::mode" : [ 2.0 ],
					"rezfiltr::resonance" : [ 0.036667 ],
					"granulator::function" : [ 22.0, 0.0, 1.0, 0.0, 0.0, 2, 4.212766, 0.062222, 0, 6.319149, 0.235555, 0, 8.542553, 0.502222, 0, 9.127659, 0.742222, 2, 10.882979, 0.915555, 0, 14.276595, 0.906667, 0, 17.670212, 0.835555, 0, 19.659574, 0.595555, 0, 21.765958, 0.342222, 0, 22.0, 0.0, 2, "linear" ],
					"granulator::live.gain~" : [ 0.0 ],
					"granulator::number" : [ 22 ],
					"granulator::number[1]" : [ 1.3 ],
					"granulator::number[2]" : [ 40 ],
					"granulator::number[3]" : [ 0 ],
					"granulator::number[4]" : [ 1.0 ],
					"granulator::number[5]" : [ 5528 ],
					"granulator::number[6]" : [ 5568 ],
					"granulator::toggle" : [ 0 ],
					"granulator::toggle[1]" : [ 1 ],
					"granulator::toggle[2]" : [ 0 ]
				}

			}

		}

	}

}
