{
	"pattrstorage" : 	{
		"name" : "textures",
		"slots" : 		{
			"1" : 			{
				"id" : 1,
				"data" : 				{
					"synth" : [ 0 ],
					"octave" : [ 24 ],
					"wavr[1]::bend" : [ 0.0 ],
					"wavr[1]::dutycycle" : [ 0.283465 ],
					"wavr[1]::portamento" : [ 80.631161 ],
					"wavr[1]::polyphony" : [ 2 ],
					"wavr[1]::pan" : [ 0.0 ],
					"wavr[1]::release" : [ 49.600099 ],
					"wavr[1]::vibdepth" : [ 12.0 ],
					"wavr[1]::vibrate" : [ 10.223622 ],
					"wavr[1]::vibwave" : [ 0.0 ],
					"wavr[1]::sustain" : [ 0.709839 ],
					"wavr[1]::decay" : [ 11.191022 ],
					"wavr[1]::attack" : [ 502.201004 ],
					"wavr[1]::oscwave" : [ 1.0 ],
					"wavr[2]::bend" : [ 0.0 ],
					"wavr[2]::dutycycle" : [ 0.0 ],
					"wavr[2]::portamento" : [ 10.0 ],
					"wavr[2]::polyphony" : [ 8 ],
					"wavr[2]::pan" : [ 0.0 ],
					"wavr[2]::release" : [ 100.0 ],
					"wavr[2]::vibdepth" : [ 0.0 ],
					"wavr[2]::vibrate" : [ 6.0 ],
					"wavr[2]::vibwave" : [ 0.0 ],
					"wavr[2]::sustain" : [ 0.3 ],
					"wavr[2]::decay" : [ 20.0 ],
					"wavr[2]::attack" : [ 10.0 ],
					"wavr[2]::oscwave" : [ 0.0 ],
					"equalizr::freqbands" : [ -48.0, -48.0, -48.0, -48.0, -48.0, -48.0, -48.0, -48.0, -48.0, -48.0, -48.0, -48.0, -48.0, -48.0, -48.0, -48.0, -48.0, -48.0, -48.0, -48.0, -48.0, -48.0, -48.0, -48.0, -48.0, -48.0, -48.0, -48.0, -48.0, -48.0, -48.0, -48.0, -48.0, -47.099998, -47.099998, -46.200001, -46.200001, -46.650002, -47.099998, -47.325001, -47.549999, -47.775002, -48.0, -48.0, -48.0, -48.0, -48.0, -48.0, -46.200001, -48.0, -10.2, -6.6, -3.0, -2.1, -45.299999, -10.2, -7.5, -7.5, -32.700001, -27.299999, -15.6, -19.200001, -48.0, -48.0 ],
					"half" : [  ],
					"whole" : [  ]
				}

			}
,
			"2" : 			{
				"id" : 2,
				"data" : 				{
					"synth" : [ 0 ],
					"octave" : [ 36 ],
					"wavr[1]::bend" : [ 0.0 ],
					"wavr[1]::dutycycle" : [ 0.023622 ],
					"wavr[1]::portamento" : [ 218.736437 ],
					"wavr[1]::polyphony" : [ 1 ],
					"wavr[1]::pan" : [ 0.0 ],
					"wavr[1]::release" : [ 90.396181 ],
					"wavr[1]::vibdepth" : [ 2.76843 ],
					"wavr[1]::vibrate" : [ 8.340157 ],
					"wavr[1]::vibwave" : [ 0.0 ],
					"wavr[1]::sustain" : [ 1.0 ],
					"wavr[1]::decay" : [ 500.0 ],
					"wavr[1]::attack" : [ 532.785046 ],
					"wavr[1]::oscwave" : [ 1.0 ],
					"wavr[2]::bend" : [ 0.0 ],
					"wavr[2]::dutycycle" : [ 0.0 ],
					"wavr[2]::portamento" : [ 10.0 ],
					"wavr[2]::polyphony" : [ 8 ],
					"wavr[2]::pan" : [ 0.0 ],
					"wavr[2]::release" : [ 100.0 ],
					"wavr[2]::vibdepth" : [ 0.0 ],
					"wavr[2]::vibrate" : [ 6.0 ],
					"wavr[2]::vibwave" : [ 0.0 ],
					"wavr[2]::sustain" : [ 0.3 ],
					"wavr[2]::decay" : [ 20.0 ],
					"wavr[2]::attack" : [ 10.0 ],
					"wavr[2]::oscwave" : [ 0.0 ],
					"equalizr::freqbands" : [ -48.0, -48.0, -48.0, -48.0, -48.0, -48.0, -48.0, -48.0, -48.0, -48.0, -48.0, -48.0, -48.0, -48.0, -48.0, -48.0, -48.0, -48.0, -48.0, -48.0, -48.0, -48.0, -48.0, -48.0, -48.0, -48.0, -48.0, -48.0, -48.0, -48.0, -48.0, -48.0, -48.0, -48.0, -48.0, -48.0, -48.0, -48.0, -48.0, -48.0, -48.0, -48.0, -48.0, -48.0, -48.0, -48.0, -48.0, -48.0, -15.6, -15.6, -15.6, -12.9, -12.0, -3.9, -4.8, -6.6, -8.4, -11.1, -6.6, -3.9, -9.3, -19.200001, -22.799999, -35.400002 ],
					"half" : [  ],
					"whole" : [  ]
				}

			}
,
			"3" : 			{
				"id" : 3,
				"data" : 				{
					"synth" : [ 0 ],
					"octave" : [  ],
					"wavr[1]::bend" : [ 0.0 ],
					"wavr[1]::dutycycle" : [ 0.566929 ],
					"wavr[1]::portamento" : [ 388.864778 ],
					"wavr[1]::polyphony" : [ 1 ],
					"wavr[1]::pan" : [ 0.0 ],
					"wavr[1]::release" : [ 143.344287 ],
					"wavr[1]::vibdepth" : [ 10.184636 ],
					"wavr[1]::vibrate" : [ 5.514961 ],
					"wavr[1]::vibwave" : [ 3.0 ],
					"wavr[1]::sustain" : [ 1.0 ],
					"wavr[1]::decay" : [ 500.0 ],
					"wavr[1]::attack" : [ 679.650939 ],
					"wavr[1]::oscwave" : [ 1.0 ],
					"wavr[2]::bend" : [ 0.0 ],
					"wavr[2]::dutycycle" : [ 0.0 ],
					"wavr[2]::portamento" : [ 10.0 ],
					"wavr[2]::polyphony" : [ 8 ],
					"wavr[2]::pan" : [ 0.0 ],
					"wavr[2]::release" : [ 100.0 ],
					"wavr[2]::vibdepth" : [ 0.0 ],
					"wavr[2]::vibrate" : [ 6.0 ],
					"wavr[2]::vibwave" : [ 0.0 ],
					"wavr[2]::sustain" : [ 0.3 ],
					"wavr[2]::decay" : [ 20.0 ],
					"wavr[2]::attack" : [ 10.0 ],
					"wavr[2]::oscwave" : [ 0.0 ],
					"equalizr::freqbands" : [ -48.0, -48.0, -48.0, -48.0, -48.0, -48.0, -48.0, -48.0, -48.0, -48.0, -48.0, -48.0, -48.0, -48.0, -48.0, -48.0, -48.0, -48.0, -48.0, -48.0, -48.0, -48.0, -48.0, -48.0, -48.0, -48.0, -48.0, -48.0, -48.0, -47.099998, -48.0, -48.0, -48.0, -48.0, -48.0, -48.0, -48.0, -48.0, -48.0, -48.0, -48.0, -48.0, -47.099998, -44.400002, -39.900002, -31.799999, -14.7, -9.3, -5.7, -2.1, -1.2, -7.5, -5.7, -5.7, -5.7, -5.7, -5.7, -3.0, -48.0, -48.0, -47.099998, -40.799999, -29.1, -20.1 ],
					"half" : [  ],
					"whole" : [  ]
				}

			}
,
			"4" : 			{
				"id" : 4,
				"data" : 				{
					"synth" : [ 0 ],
					"octave" : [ 36 ],
					"wavr[1]::bend" : [ 0.0 ],
					"wavr[1]::dutycycle" : [ 0.023622 ],
					"wavr[1]::portamento" : [ 218.736437 ],
					"wavr[1]::polyphony" : [ 1 ],
					"wavr[1]::pan" : [ 0.0 ],
					"wavr[1]::release" : [ 90.396181 ],
					"wavr[1]::vibdepth" : [ 2.76843 ],
					"wavr[1]::vibrate" : [ 8.340157 ],
					"wavr[1]::vibwave" : [ 0.0 ],
					"wavr[1]::sustain" : [ 1.0 ],
					"wavr[1]::decay" : [ 500.0 ],
					"wavr[1]::attack" : [ 532.785046 ],
					"wavr[1]::oscwave" : [ 1.0 ],
					"wavr[2]::bend" : [ 0.0 ],
					"wavr[2]::dutycycle" : [ 0.0 ],
					"wavr[2]::portamento" : [ 10.0 ],
					"wavr[2]::polyphony" : [ 8 ],
					"wavr[2]::pan" : [ 0.0 ],
					"wavr[2]::release" : [ 100.0 ],
					"wavr[2]::vibdepth" : [ 0.0 ],
					"wavr[2]::vibrate" : [ 6.0 ],
					"wavr[2]::vibwave" : [ 0.0 ],
					"wavr[2]::sustain" : [ 0.3 ],
					"wavr[2]::decay" : [ 20.0 ],
					"wavr[2]::attack" : [ 10.0 ],
					"wavr[2]::oscwave" : [ 0.0 ],
					"equalizr::freqbands" : [ -48.0, -48.0, -48.0, -48.0, -48.0, -48.0, -48.0, -48.0, -48.0, -48.0, -48.0, -48.0, -48.0, -48.0, -48.0, -48.0, -48.0, -48.0, -48.0, -48.0, -48.0, -48.0, -48.0, -48.0, -48.0, -48.0, -48.0, -48.0, -48.0, -48.0, -48.0, -48.0, -48.0, -48.0, -48.0, -48.0, -48.0, -48.0, -48.0, -48.0, -48.0, -48.0, -48.0, -48.0, -48.0, -48.0, -48.0, -48.0, -2.1, -48.0, -48.0, -48.0, -3.0, -48.0, -48.0, 0.6, -48.0, -48.0, -48.0, -48.0, -48.0, -48.0, -48.0, -48.0 ],
					"half" : [  ],
					"whole" : [  ]
				}

			}
,
			"5" : 			{
				"id" : 5,
				"data" : 				{
					"synth" : [ 0 ],
					"octave" : [  ],
					"wavr[1]::bend" : [ 0.0 ],
					"wavr[1]::dutycycle" : [ 0.102362 ],
					"wavr[1]::portamento" : [ 80.631161 ],
					"wavr[1]::polyphony" : [ 2 ],
					"wavr[1]::pan" : [ 0.0 ],
					"wavr[1]::release" : [ 65.596131 ],
					"wavr[1]::vibdepth" : [ 5.249674 ],
					"wavr[1]::vibrate" : [ 24.349606 ],
					"wavr[1]::vibwave" : [ 0.0 ],
					"wavr[1]::sustain" : [ 1.0 ],
					"wavr[1]::decay" : [ 500.0 ],
					"wavr[1]::attack" : [ 805.753612 ],
					"wavr[1]::oscwave" : [ 1.0 ],
					"wavr[2]::bend" : [ 0.0 ],
					"wavr[2]::dutycycle" : [ 0.0 ],
					"wavr[2]::portamento" : [ 10.0 ],
					"wavr[2]::polyphony" : [ 8 ],
					"wavr[2]::pan" : [ 0.0 ],
					"wavr[2]::release" : [ 100.0 ],
					"wavr[2]::vibdepth" : [ 0.0 ],
					"wavr[2]::vibrate" : [ 6.0 ],
					"wavr[2]::vibwave" : [ 0.0 ],
					"wavr[2]::sustain" : [ 0.3 ],
					"wavr[2]::decay" : [ 20.0 ],
					"wavr[2]::attack" : [ 10.0 ],
					"wavr[2]::oscwave" : [ 0.0 ],